case,ci,ibs,ci_std,ibs_std
real,0.5176066125864603,0.2747010855966053,0.020130208074684575,0.022630005305849098
synth,0.5050061859368982,0.29088885537561016,0.016407413975992432,0.018051414230899572
fine_tune,0.5052536494504232,0.2981978088640851,0.016343302341145144,0.018501983779065926
