case,f1,acc,f1_std,acc_std
real,-1.0,0.3255605381165919,0.0,0.07093711186828768
synth,-1.0,0.32152466367713006,0.0,0.06350637118242325
fine_tune,-1.0,0.3201793721973094,0.0,0.05688884748390332
