case,f1,acc,f1_std,acc_std
real,-1.0,0.2578,0.0,0.04890971273683786
synth,-1.0,0.1526,0.0,0.06635239257178298
fine_tune,-1.0,0.1698,0.0,0.07262891985979138
