case,ci,ibs,ci_std,ibs_std
real,0.5436308300806661,0.22381513057264132,0.05490225845175561,0.04621502271780528
synth,0.5770720478792609,0.2154950801821451,0.056628321059897194,0.043891978312983214
fine_tune,0.6075511215196462,0.21379600846692617,0.05193177238280932,0.04401910346023973
