case,f1,acc,f1_std,acc_std
real,0.2264342496780211,0.6742857142857143,0.05673292587025015,0.07511623645785137
synth,0.23166119706204094,0.6514285714285715,0.007626191592436304,0.0
fine_tune,0.23712166780587834,0.6685714285714285,0.008153626917239152,0.014901034069034626
