case,ci,ibs,ci_std,ibs_std
real,0.6378478380115705,0.2083760267285746,0.04098424526855676,0.027510002505742922
synth,0.5982405699592886,0.2316528420676565,0.052805205376011195,0.033838668977560236
fine_tune,0.594977135918863,0.2278938561640161,0.05158410474107624,0.032602018288332216
