case,ci,ibs,ci_std,ibs_std
real,0.6053077531553538,0.19163085743950095,0.037131223871892,0.02879159988811602
synth,0.6128481587467768,0.1822068617139557,0.03528565567489727,0.02753762759975388
fine_tune,0.6151412872163736,0.18269351430951672,0.03576406952300034,0.027738929763737503
