case,ci,ibs,ci_std,ibs_std
real,0.5412864480874316,0.2419636159974586,0.06314829209234721,0.050896105263388884
synth,0.5214108352849336,0.2462230428374132,0.0547899693926799,0.04624348276892356
fine_tune,0.5301393754879,0.24880147194731633,0.05426509586101692,0.046217202494723296
