case,f1,acc,f1_std,acc_std
real,0.01818181818181818,0.9378,0.03636363636363636,0.026947356085523465
synth,0.0,0.9414,0.0,0.013979985693841
fine_tune,0.03606325156325156,0.9398,0.013939008046520289,0.018070971196922397
