case,f1,acc,f1_std,acc_std
real,0.5506142551661056,0.7828,0.01244018835371052,0.015223665787188064
synth,0.5596212305110436,0.7849999999999999,0.004263024182099155,0.003687817782917158
fine_tune,0.5627489927527699,0.7886000000000001,0.006949173546426307,0.00546260011349907
