case,f1,acc,f1_std,acc_std
real,-1.0,0.3394285714285714,0.0,0.055824798819747716
synth,-1.0,0.25942857142857145,0.0,0.1485977998573632
fine_tune,-1.0,0.34171428571428575,0.0,0.05242214830253584
