case,f1,acc,f1_std,acc_std
real,-1.0,0.5522,0.0,0.05975081589401102
synth,-1.0,0.4166,0.0,0.18049443204708557
fine_tune,-1.0,0.5982000000000001,0.0,0.06762957932739193
