case,ci,ibs,ci_std,ibs_std
real,0.8066543164216848,0.17169194912446073,0.06508214090153301,0.05969565659757108
synth,0.8291440714398611,0.15302074862112539,0.06294343117871552,0.059893347967521555
fine_tune,0.8336996554449186,0.1363139022709956,0.05885121148617846,0.05415244529199879
