case,f1,acc,f1_std,acc_std
real,-1.0,0.2932,0.0,0.10619491513250529
synth,-1.0,0.38639999999999997,0.0,0.050866885102195905
fine_tune,-1.0,0.3812,0.0,0.05121874656802918
