case,f1,acc,f1_std,acc_std
real,0.07091463995170355,0.45600000000000007,0.03555393183261872,0.2942332408141541
synth,0.013157894736842105,0.9336,0.02631578947368421,0.03811876178471697
fine_tune,0.02955836616213974,0.889,0.037035498939417516,0.11420858111367986
