case,f1,acc,f1_std,acc_std
real,0.012763776736879413,0.6605714285714286,0.010463976927623004,0.2335906064647537
synth,0.01767706816887145,0.6491428571428571,0.014555911990838473,0.06043110430355331
fine_tune,0.017944170771756977,0.6514285714285715,0.01487637025881122,0.06280517332129869
