case,f1,acc,f1_std,acc_std
real,-1.0,0.21600000000000003,0.0,0.2207414777516903
synth,-1.0,0.1568,0.0,0.24164055950936714
fine_tune,-1.0,0.08180000000000001,0.0,0.07953716112610507
