case,f1,acc,f1_std,acc_std
real,0.015804733586491843,0.7684,0.024530538497445284,0.28019107765951434
synth,0.14393196110238554,0.6644,0.0036057432453677494,0.010461357464497625
fine_tune,0.14345268679327688,0.6752,0.003994154081801131,0.010107423014794632
