case,f1,acc,f1_std,acc_std
real,0.29149578573536056,0.631,0.008054788436123374,0.01793320941716793
synth,0.2750428155038542,0.6154,0.01055062822625526,0.021490463001061676
fine_tune,0.2902213776918729,0.6294000000000001,0.010961740909770546,0.02130352083576799
