case,ci,ibs,ci_std,ibs_std
real,0.5868687602774811,0.13934237007207376,0.04434710500084975,0.02283746119926108
synth,0.5486967146788911,0.1413294224818333,0.02755450439316095,0.017119139468590935
fine_tune,0.5418515758949113,0.13577909081498418,0.028349430915849346,0.016919031547966232
