case,ci,ibs,ci_std,ibs_std
real,0.6382372930504963,0.20917568235547482,0.03828848248881452,0.02772393350366282
synth,0.6557780644239697,0.2126654763991468,0.032721182006725955,0.028299247134384472
fine_tune,0.6573830854938933,0.2110194296386835,0.03258615550858428,0.02896000521462902
