case,f1,acc,f1_std,acc_std
real,0.5545388682549854,0.6464000000000001,0.00728226539953734,0.005276362383309172
synth,0.5459285664447652,0.5984,0.03818002285200365,0.011324310133513663
fine_tune,0.550673481931595,0.6372,0.005477472962475072,0.00856504524214555
