case,ci,ibs,ci_std,ibs_std
real,0.5296157637262555,0.25288761484490213,0.05363948195396563,0.04957619604689271
synth,0.5530416913869374,0.22479840702458398,0.05962555135459257,0.04466909126774985
fine_tune,0.5526093052302888,0.23040535619222582,0.05674171738601102,0.04488278612330227
