case,f1,acc,f1_std,acc_std
real,0.061691275167785234,0.7412,0.06458714501999024,0.21043706897787756
synth,0.23915950944383288,0.6298,0.014198228508717624,0.06208832418418135
fine_tune,0.23594471138048267,0.6374,0.010851657590591248,0.06272352030937041
