case,f1,acc,f1_std,acc_std
real,0.11789686995592405,0.5999999999999999,0.02578065476958012,0.04470310220710386
synth,0.09928981106612685,0.6342857142857143,0.01988696296347946,0.033123146848433024
fine_tune,0.10794298858360499,0.6331428571428572,0.039227704110410475,0.02689966239071958
