case,f1,acc,f1_std,acc_std
real,0.6488536813879844,0.5597999999999999,0.05487156158007707,0.044808034993737436
synth,0.6234173345879791,0.5551999999999999,0.06437860506390512,0.04691012683845567
fine_tune,0.6316830332657819,0.5602,0.06838726412201421,0.04935341933442909
