case,f1,acc,f1_std,acc_std
real,0.7782933761125481,0.6776674937965261,0.13477489159837647,0.15042706744032885
synth,0.648705823214059,0.5784119106699752,0.2506788875175979,0.21640420301472893
fine_tune,0.768607518660902,0.664516129032258,0.12897751557697748,0.1408013128409619
