case,f1,acc,f1_std,acc_std
real,0.6020784091814955,0.4925714285714286,0.20392890219425078,0.23280086962457675
synth,0.591210837031139,0.5177142857142857,0.32699229284706627,0.2923034487009159
fine_tune,0.6397073893999244,0.5005714285714286,0.09458619821357396,0.10540340388725786
