case,f1,acc,f1_std,acc_std
real,0.025276510814457642,0.5142,0.0063174275920440705,0.06343941992168589
synth,0.1355224607248303,0.7613999999999999,0.005704305032067177,0.03249984615348201
fine_tune,0.1315485392242957,0.7714000000000001,0.008978442331410935,0.03462138067726357
