case,ci,ibs,ci_std,ibs_std
real,0.6100233297789153,0.1911563454182304,0.03561985949674229,0.02832345725898627
synth,0.6141293147728081,0.184467338598415,0.037256272882180884,0.02837926485401832
fine_tune,0.6166374091523037,0.18555546808948406,0.037721642439598774,0.028312929233781516
