case,ci,ibs,ci_std,ibs_std
real,0.7165394089285902,0.17412365501077864,0.039441742732208754,0.0315317114024576
synth,0.7103315944516854,0.1780062723365407,0.03679975145367745,0.029938086354569758
fine_tune,0.7079526201905246,0.1788683700921824,0.03556263475677848,0.03029064179548273
