case,ci,ibs,ci_std,ibs_std
real,0.5347489564795882,0.27407731464213636,0.021483740856576686,0.02336541709010277
synth,0.5069725009422859,0.2967022831881183,0.017017454989492583,0.01603297301300744
fine_tune,0.5028290900811433,0.3072353385346899,0.016083767753562073,0.019568439579305937
