case,f1,acc,f1_std,acc_std
real,0.23590388179678748,0.6682,0.01636494520517743,0.06166165745420732
synth,0.221722519321768,0.649,0.00868866552555874,0.044676615807377355
fine_tune,0.22960603815567476,0.661,0.006522929847572333,0.03487692647008906
