case,f1,acc,f1_std,acc_std
real,0.7859494957106528,0.6646000000000001,0.10713521845475353,0.14631418249780162
synth,0.6238048974546999,0.49260000000000004,0.19150058715383386,0.19877384133733494
fine_tune,0.664852195424922,0.5237999999999999,0.13160613574174945,0.16097875636244677
