case,f1,acc,f1_std,acc_std
real,0.057907612055338495,0.7574,0.032382547107970366,0.16595734391704392
synth,0.08009682120588069,0.5338,0.012318381515728281,0.19434237829150905
fine_tune,0.07192249079539581,0.6262000000000001,0.01614951340286888,0.14025319960699648
