case,f1,acc,f1_std,acc_std
real,0.7695871007892017,0.6712,0.015760269667930045,0.016845177351396425
synth,0.7712753351303117,0.675,0.00337194408459491,0.0038470768123342724
fine_tune,0.7702554435137311,0.6718000000000001,0.00498746905626304,0.006584831053261737
