case,ci,ibs,ci_std,ibs_std
real,0.5276904345563361,0.24212943118320354,0.057040704117049305,0.04856264133323395
synth,0.5400501066874839,0.2286423574158216,0.05742667614831496,0.04474004735997282
fine_tune,0.5359257715326569,0.2336012282361136,0.0581276171720656,0.04551010910058645
