case,f1,acc,f1_std,acc_std
real,-1.0,0.5724,0.0,0.09080660768908835
synth,-1.0,0.4678,0.0,0.05263230946861443
fine_tune,-1.0,0.5398,0.0,0.036007776937767196
