case,ci,ibs,ci_std,ibs_std
real,0.7109680713354739,0.17491268678557798,0.0394854002359066,0.030146188179628386
synth,0.6892043627809391,0.18314149426731338,0.03681736256474435,0.029983762949763737
fine_tune,0.6752903906920558,0.18471930102081113,0.037227807468852965,0.03002991336759015
