case,f1,acc,f1_std,acc_std
real,-1.0,0.3482,0.0,0.12443054287432809
synth,-1.0,0.4444000000000001,0.0,0.10307007325116249
fine_tune,-1.0,0.438,0.0,0.09845811292118085
