case,f1,acc,f1_std,acc_std
real,0.05428571428571429,0.7542857142857143,0.045535364144312085,0.16178595080398986
synth,0.05845410628019324,0.7120000000000001,0.07783851560693197,0.34740977392757416
fine_tune,0.055336976320582876,0.7097142857142857,0.04761238000212469,0.22544721994203398
