case,f1,acc,f1_std,acc_std
real,-1.0,0.3416,0.0,0.2369561984840236
synth,-1.0,0.10659999999999999,0.0,0.06255109911104681
fine_tune,-1.0,0.16519999999999999,0.0,0.10416410130174406
