case,f1,acc,f1_std,acc_std
real,0.4212276214833759,0.680952380952381,0.05044727769607156,0.05604096331399913
synth,0.48775510204081635,0.7142857142857142,0.019786448397617683,0.022587697572631293
fine_tune,0.4874036281179138,0.7142857142857142,0.015299335019806369,0.016835875742536865
