case,f1,acc,f1_std,acc_std
real,0.2579940859406978,0.5394285714285715,0.027328807439711954,0.033437117344749245
synth,0.09043351602231768,0.6514285714285715,0.08729435493450752,0.19505729142684083
fine_tune,0.2579210401708511,0.5234285714285714,0.03126138562925607,0.03401800243688505
