case,f1,acc,f1_std,acc_std
real,0.6202473294330286,0.5187999999999999,0.16640821050210006,0.16735519113550076
synth,0.7226884072495349,0.6085999999999999,0.06444967080198737,0.06932416606061696
fine_tune,0.7170681279539839,0.6026,0.07140086980290682,0.07642931374806396
