case,ci,ibs,ci_std,ibs_std
real,0.7841146910351801,0.10309921245916334,0.016163290857335647,0.011669290828218127
synth,0.7563558649394246,0.11977682244085892,0.019360915976409168,0.014392363952972276
fine_tune,0.7752415855477965,0.10810517075248037,0.016337876452568744,0.012402649698745011
