case,f1,acc,f1_std,acc_std
real,0.7102953836723938,0.7359756097560975,0.013215336043027688,0.014886043433821602
synth,0.7414424878008382,0.7542682926829268,0.009928380005877613,0.00149359130657511
fine_tune,0.73778126669254,0.7530487804878048,0.011151205874768415,0.0027269121676826726
