case,f1,acc,f1_std,acc_std
real,0.6941858641543389,0.588,0.03997688833113097,0.022244100341438842
synth,0.6686725115089331,0.5846,0.050586773723316214,0.028345017198795282
fine_tune,0.6636437161431256,0.5801999999999999,0.05417712914181349,0.031038041175306164
