case,f1,acc,f1_std,acc_std
real,-1.0,0.45714285714285713,0.0,0.07206069500200739
synth,-1.0,0.5166666666666666,0.0,0.03417309546287458
fine_tune,-1.0,0.5238095238095238,0.0,0.033671751485073696
