case,ci,ibs,ci_std,ibs_std
real,0.6334701925202116,0.18251111203666964,0.03531102385755084,0.027650886474633107
synth,0.6222210126860415,0.1959744056224268,0.034692219606179464,0.02831052665193126
fine_tune,0.6258757733444489,0.18544018980213425,0.034641656472454894,0.027889840029454546
