case,f1,acc,f1_std,acc_std
real,-1.0,0.5724,0.0,0.07674789899404413
synth,-1.0,0.4436,0.0,0.0603609145059947
fine_tune,-1.0,0.5267999999999999,0.0,0.026873034811870453
