case,f1,acc,f1_std,acc_std
real,-1.0,0.08467874794069193,0.0,0.050911041797724564
synth,-1.0,0.07940691927512356,0.0,0.04200123379682544
fine_tune,-1.0,0.08281164195496979,0.0,0.04429476723471963
