case,f1,acc,f1_std,acc_std
real,0.22640972033988355,0.7278,0.022881917568874904,0.047165241439008875
synth,0.24048027565890365,0.6386000000000001,0.007210426855317899,0.010892199043352091
fine_tune,0.2502813848466868,0.675,0.003971870527986406,0.016492422502470613
