case,f1,acc,f1_std,acc_std
real,0.18110331220527645,0.5308,0.22349875830689964,0.04468288262858611
synth,0.2198018638349649,0.5294000000000001,0.2670378347797816,0.04253281086408465
fine_tune,0.21174601695200476,0.5356,0.26053664615165134,0.03881546083714577
