case,ci,ibs,ci_std,ibs_std
real,0.7331619756598704,0.17622893104903312,0.0790437794298508,0.06081953797029434
synth,0.7888833665244191,0.15920774037270483,0.07224594532693175,0.060211062295729756
fine_tune,0.8039576102418208,0.19145749730731224,0.0657583345497976,0.06903484567811422
