case,f1,acc,f1_std,acc_std
real,0.45778148240160366,0.5946188340807176,0.03529638450771531,0.012231553091467123
synth,0.48968104814018176,0.6067264573991031,0.020270042177516254,0.0211571768826645
fine_tune,0.46008739521216835,0.6026905829596413,0.03042489267106556,0.0166825786885545
