case,f1,acc,f1_std,acc_std
real,0.5795326942376671,0.7480314960629921,0.0073703300934583075,0.002875184028898505
synth,0.5759818974219724,0.7401574803149608,0.02037326818586754,0.02329904569151932
fine_tune,0.586072546620343,0.7433070866141733,0.005290209145226655,0.012016297262214821
