case,f1,acc,f1_std,acc_std
real,0.234040237825835,0.6419999999999999,0.016237848423126647,0.06103441652051733
synth,0.24682716044863362,0.6956,0.008489761963839248,0.02424541193710676
fine_tune,0.24529564694309638,0.6648000000000001,0.009850536823963862,0.020663010429267065
