case,f1,acc,f1_std,acc_std
real,0.5048017195658716,0.799,0.012149124542186942,0.01881488772222677
synth,0.5174354320137127,0.7952,0.005320355654274352,0.0030594117081556736
fine_tune,0.5365640129160688,0.8192,0.008221994555060536,0.007249827584156696
