case,ci,ibs,ci_std,ibs_std
real,0.7268833150849824,0.11777112463604271,0.03279759959807266,0.013107939976014109
synth,0.7420729049920586,0.11492657138787464,0.02493829111507833,0.012624918843230531
fine_tune,0.7492145644794052,0.1131267609999175,0.02076455253174856,0.013056277823920609
