case,ci,ibs,ci_std,ibs_std
real,0.5174405617193165,0.27788952082538304,0.020757469513150353,0.017759823273507003
synth,0.5112276477266654,0.284803223077097,0.017151195320535283,0.016606160171139986
fine_tune,0.512322892205949,0.28529445595037206,0.016982283175406142,0.018634245097850912
