case,f1,acc,f1_std,acc_std
real,-1.0,0.45220000000000005,0.0,0.019019989484749984
synth,-1.0,0.45220000000000005,0.0,0.013948476619330168
fine_tune,-1.0,0.4548,0.0,0.01932252571482311
