case,f1,acc,f1_std,acc_std
real,0.7107388636679658,0.6761154855643046,0.01574871098600919,0.011808106959792133
synth,0.6835862374830445,0.6519685039370079,0.02357196337463062,0.018077874391309763
fine_tune,0.7162921328433051,0.6818897637795277,0.014550102487166285,0.010419649995422156
