case,ci,ibs,ci_std,ibs_std
real,0.731479134903731,0.1782516680306617,0.035152946443899304,0.029710512553315162
synth,0.7148099361032519,0.17862886586953947,0.037174225146637006,0.029801576424538095
fine_tune,0.7142110311430417,0.1845301874804585,0.03620673786652808,0.030304323714729842
