case,f1,acc,f1_std,acc_std
real,-1.0,0.6411428571428571,0.0,0.0273809109730536
synth,-1.0,0.6217142857142857,0.0,0.0538963479888073
fine_tune,-1.0,0.6834285714285714,0.0,0.024670895022769042
