case,ci,ibs,ci_std,ibs_std
real,0.6831906235268908,0.1927062959693154,0.03241909107979306,0.02609260023115381
synth,0.6898310006428113,0.18382414216747994,0.030598923873888573,0.025624319247937268
fine_tune,0.6850902806942362,0.1923136933899439,0.030631247611148327,0.026185537875894477
