case,f1,acc,f1_std,acc_std
real,-1.0,0.5452,0.0,0.029484911395491746
synth,-1.0,0.49399999999999994,0.0,0.08677096288505735
fine_tune,-1.0,0.5782,0.0,0.01630214709785184
