case,f1,acc,f1_std,acc_std
real,-1.0,0.4436,0.0,0.13168690139873443
synth,-1.0,0.476,0.0,0.01715808847162176
fine_tune,-1.0,0.48419999999999996,0.0,0.011391224692718508
