case,ci,ibs,ci_std,ibs_std
real,0.5995188530895389,0.13166920856648703,0.036995086388514266,0.019864430412599117
synth,0.5900253765009248,0.1523075282140463,0.025252454551641056,0.018891737757113038
fine_tune,0.5956728733536495,0.1458151440561316,0.025181756114093644,0.018263365680641748
