case,f1,acc,f1_std,acc_std
real,0.1256291678659364,0.5504667764964305,0.0030540962160120135,0.016999149842017225
synth,0.1147797704250105,0.614277869302581,0.002836190357110543,0.02749388026845359
fine_tune,0.1302192174558932,0.6327292696320702,0.016122865503579296,0.04957253718577994
