case,f1,acc,f1_std,acc_std
real,0.7972394520888075,0.6974,0.14678969063388198,0.2094560574440376
synth,0.5921823126834538,0.4452,0.07270329741852392,0.06992109838954191
fine_tune,0.6604816737707238,0.5094000000000001,0.03999529933058345,0.043701716213439476
