case,ci,ibs,ci_std,ibs_std
real,0.5946182330018029,0.19431857044497441,0.03720130789014123,0.02917035817159738
synth,0.5891108199073266,0.19918597157219645,0.040008660491488574,0.02943789197926736
fine_tune,0.5874920449536956,0.20044641220274928,0.04127028666746023,0.028803823060693668
