case,f1,acc,f1_std,acc_std
real,0.44551047009085104,0.686848635235732,0.01587459742656489,0.028569405388832257
synth,0.5131525046177986,0.7880893300248138,0.006572311550186754,0.004668706630825499
fine_tune,0.5597826181470371,0.8138957816377171,0.017137406029369338,0.012357220444653835
