case,f1,acc,f1_std,acc_std
real,0.8483314918597706,0.7947506561679789,0.01212872908669238,0.013424369398996747
synth,0.7871922930917551,0.7244094488188976,0.017640805614286666,0.01725110417339108
fine_tune,0.8564696882545212,0.8036745406824147,0.005634187424783609,0.007311489909282982
