case,f1,acc,f1_std,acc_std
real,-1.0,0.384,0.0,0.1423755597003924
synth,-1.0,0.2792,0.0,0.15294757271692808
fine_tune,-1.0,0.2924,0.0,0.15537258445427238
