case,f1,acc,f1_std,acc_std
real,-1.0,0.5923999999999999,0.0,0.025726251184344743
synth,-1.0,0.5456,0.0,0.039977993946670204
fine_tune,-1.0,0.6088,0.0,0.016129476122924775
