case,ci,ibs,ci_std,ibs_std
real,0.7333216752214026,0.11416211087779317,0.025437755869022312,0.012549397988269215
synth,0.7438465239388053,0.11953845090547227,0.023648348994047726,0.014839309390554532
fine_tune,0.7450463581880606,0.11707623982555154,0.025008314005147823,0.014215251004935337
