case,f1,acc,f1_std,acc_std
real,0.827034139018178,0.804932735426009,0.005536691634917021,0.006181187781206396
synth,0.8300654402039296,0.8094170403587444,0.0015208031202105263,0.0014180617310172146
fine_tune,0.8327332265594107,0.8112107623318388,0.0025793626548253758,0.0026147766344597834
