case,f1,acc,f1_std,acc_std
real,0.10163262506216666,0.6902857142857143,0.09661777088178561,0.25107507617752706
synth,0.12492818326532854,0.5668571428571428,0.11203916358267488,0.2988391144521256
fine_tune,0.20373749160090848,0.5428571428571429,0.07723449593143766,0.2296261380272423
