case,f1,acc,f1_std,acc_std
real,-1.0,0.21839999999999998,0.0,0.14399249980467732
synth,-1.0,0.5048,0.0,0.3909544218959545
fine_tune,-1.0,0.2696,0.0,0.06125879528688105
