case,ci,ibs,ci_std,ibs_std
real,0.7777234329065907,0.18255042919819273,0.06942566131201439,0.061187451796872516
synth,0.8263557547020707,0.16264043911250273,0.0631663877564478,0.058064927907402086
fine_tune,0.8395511205942785,0.15711096218392565,0.060826036650198756,0.05990362255703992
