case,f1,acc,f1_std,acc_std
real,-1.0,0.4708,0.0,0.16443041081259877
synth,-1.0,0.514,0.0,0.05203460387088577
fine_tune,-1.0,0.5317999999999999,0.0,0.05624019914616234
