case,f1,acc,f1_std,acc_std
real,0.260777199123481,0.5371428571428571,0.21323061607694171,0.208677076960982
synth,0.4653426614815566,0.6125714285714285,0.04661800802237778,0.015075321095169058
fine_tune,0.4486280729973391,0.6102857142857143,0.05694603871259442,0.011654901745354957
