case,ci,ibs,ci_std,ibs_std
real,0.6936040075013673,0.11217889383935592,0.023286745283816135,0.01605230944123418
synth,0.6816038673716562,0.11097401047777791,0.02811400207006472,0.015607153306584848
fine_tune,0.682830470485071,0.11140174458447695,0.024954397954358973,0.015417316826440831
