case,f1,acc,f1_std,acc_std
real,0.25511879535526644,0.6054590570719605,0.013589461304413766,0.03444576316155634
synth,0.30978082387757705,0.7255583126550867,0.022851932079843262,0.04631232962269135
fine_tune,0.29053408946472714,0.7652605459057072,0.02555664120768275,0.019307060708612333
