case,ci,ibs,ci_std,ibs_std
real,0.5411277387457716,0.25015954424312126,0.058069730752420494,0.05036722333701868
synth,0.5299569242779079,0.227271584837406,0.056794703461340246,0.044644584333154325
fine_tune,0.5228733697632059,0.23244396201805523,0.05444742893287402,0.04543426922808287
