case,f1,acc,f1_std,acc_std
real,-1.0,0.1664,0.0,0.19380154798143384
synth,-1.0,0.6918,0.0,0.19716328258577964
fine_tune,-1.0,0.6799999999999999,0.0,0.19408142621075308
