case,f1,acc,f1_std,acc_std
real,0.6366810221073786,0.5880952380952381,0.06254364491530406,0.012140522651411379
synth,0.6894606771720174,0.6214285714285714,0.03672745561024601,0.027561516435214803
fine_tune,0.6827859207829752,0.611904761904762,0.0384610868327701,0.02973808570665902
