case,f1,acc,f1_std,acc_std
real,0.042994204590655415,0.5519999999999999,0.022073937915413854,0.20677820119586088
synth,0.023481276005547846,0.6388571428571429,0.020335330688152898,0.23386442959238465
fine_tune,0.027470795047526076,0.6297142857142857,0.02516683892212076,0.21637156250585354
