case,f1,acc,f1_std,acc_std
real,0.014089423648247178,0.6594285714285715,0.011955266684067429,0.20272752398130808
synth,0.017098244969450876,0.48571428571428565,0.009123334958549797,0.2711246418689593
fine_tune,0.01623766178461164,0.5554285714285714,0.00816248613435091,0.21784547978148294
