case,f1,acc,f1_std,acc_std
real,0.2197148002336824,0.6582857142857143,0.01483692145271968,0.14561453168119828
synth,0.16093432498145732,0.6468571428571428,0.08190780642476762,0.1355815892624761
fine_tune,0.15850530376084862,0.6080000000000001,0.08034024002964826,0.14162208982545982
