case,f1,acc,f1_std,acc_std
real,0.457658719108459,0.6033999999999999,0.022257511858367798,0.00793977329651169
synth,0.5133242344090354,0.6092000000000001,0.030681498001791884,0.0039698866482558446
fine_tune,0.49397674944854764,0.6049999999999999,0.039316279800207375,0.006542170893518456
