case,f1,acc,f1_std,acc_std
real,0.8766790358363519,0.872645739910314,0.007520428264188536,0.006859667507075515
synth,0.896042262513058,0.8901345291479821,0.0038689070215441376,0.0037518386840093183
fine_tune,0.8929506778225035,0.8874439461883409,0.0029626603262688104,0.0026147766344597834
