case,f1,acc,f1_std,acc_std
real,-1.0,0.6319999999999999,0.0,0.37904406076338937
synth,-1.0,0.0162,0.0,0.018712562625145708
fine_tune,-1.0,0.06620000000000001,0.0,0.10031430605850793
