case,f1,acc,f1_std,acc_std
real,-1.0,0.37860000000000005,0.0,0.14893971934980943
synth,-1.0,0.3076,0.0,0.1649201018675407
fine_tune,-1.0,0.3208,0.0,0.1578295282892273
