case,f1,acc,f1_std,acc_std
real,0.18872575638261604,0.7143920595533498,0.11211468223713456,0.15344821663895428
synth,0.326492493118984,0.6945409429280397,0.01945446866489867,0.03652281785205775
fine_tune,0.33048255814851374,0.7233250620347395,0.01870462133627797,0.03548473857586871
