case,f1,acc,f1_std,acc_std
real,-1.0,0.370455793520044,0.0,0.07010856323037817
synth,-1.0,0.4211971444261395,0.0,0.09889619852347223
fine_tune,-1.0,0.39813289401427787,0.0,0.08139267353607427
