case,f1,acc,f1_std,acc_std
real,0.14226039042883326,0.384,0.06718494993828747,0.008099382692526642
synth,0.09600713966982821,0.38780000000000003,0.09146203669179075,0.013644046320648421
fine_tune,0.11957913275258829,0.38360000000000005,0.08594399491776657,0.007144228439796707
