case,f1,acc,f1_std,acc_std
real,-1.0,0.6062,0.0,0.01635114674877577
synth,-1.0,0.572,0.0,0.022405356502408075
fine_tune,-1.0,0.6124,0.0,0.0162308348522188
