case,f1,acc,f1_std,acc_std
real,0.5246894273906865,0.5988,0.008504954143825683,0.005635601121442153
synth,0.5236163505683714,0.6044,0.0358991673317054,0.008014985963805558
fine_tune,0.5348777783403088,0.6072,0.024017829341777062,0.008818163074019449
