case,ci,ibs,ci_std,ibs_std
real,0.7308182826751047,0.12065352603004197,0.034935877257191085,0.014620517387801325
synth,0.7619395971521009,0.11589984387977216,0.021684641566817237,0.014591690812241025
fine_tune,0.7627302210039134,0.11532293708061613,0.01882755946477663,0.0136406820667943
