case,f1,acc,f1_std,acc_std
real,0.22265310165745408,0.6304,0.01827690966227125,0.03660928843886484
synth,0.2550557704828465,0.6872,0.004568677135059539,0.01132077735846789
fine_tune,0.25987457008864917,0.6916,0.008157063626678653,0.011146299834474188
