case,f1,acc,f1_std,acc_std
real,0.5236839636378363,0.44761904761904764,0.274183299620024,0.1727790719669213
synth,0.7310208770854906,0.6166666666666667,0.08857740387573605,0.10578504710249076
fine_tune,0.7285068936801187,0.6095238095238096,0.07879477484312168,0.09078893316636959
