case,f1,acc,f1_std,acc_std
real,0.6499926288207517,0.71,0.019843001041174597,0.010658330075579392
synth,0.6650505140731038,0.708,0.008270903841222534,0.006260990336999417
fine_tune,0.6665989532963406,0.7102,0.011753304086105525,0.005706137047074847
