case,ci,ibs,ci_std,ibs_std
real,0.5909853132949582,0.13564858431236448,0.04415025439475734,0.02038177148778393
synth,0.6112737532015385,0.13290230570449016,0.033160387619045065,0.018256273612511285
fine_tune,0.5943205339515015,0.1307912378241464,0.037159178875251095,0.01750491234016024
