case,f1,acc,f1_std,acc_std
real,-1.0,0.28359999999999996,0.0,0.02343160259137219
synth,-1.0,0.3454,0.0,0.019642810389554743
fine_tune,-1.0,0.3412,0.0,0.022692730113408565
