case,f1,acc,f1_std,acc_std
real,0.17875891349244197,0.679,0.08964165626343232,0.12289995931651079
synth,0.23690053829487448,0.6712,0.008433719762849397,0.05478466938843385
fine_tune,0.24145342320409985,0.6946,0.009827996419298764,0.0602481534986758
