case,f1,acc,f1_std,acc_std
real,-1.0,0.23480000000000004,0.0,0.24990030011986783
synth,-1.0,0.4804000000000001,0.0,0.3214209700688491
fine_tune,-1.0,0.4708,0.0,0.18810890462708033
