case,f1,acc,f1_std,acc_std
real,0.5854568041127444,0.6451219512195122,0.006746770769936965,0.006567274155042084
synth,0.5977929190946469,0.6804878048780488,0.014568977132032406,0.008709059059198576
fine_tune,0.5934375613970205,0.673780487804878,0.018680382763714476,0.015304756582940372
