case,f1,acc,f1_std,acc_std
real,0.006591164166921742,0.8652873563218391,0.00959945083078643,0.14473503499432963
synth,0.015910336628868725,0.5279693486590038,0.011750212011811513,0.1420698748043826
fine_tune,0.00840318298994789,0.5624521072796936,0.01366787877744328,0.1374576807445992
