case,ci,ibs,ci_std,ibs_std
real,0.5305921205226515,0.2510823001778107,0.01880315439454159,0.014599323662378339
synth,0.5054498859507314,0.2883842280550848,0.0161915032136899,0.016709611870956435
fine_tune,0.5074297956885866,0.30031774403590933,0.0162026084184648,0.016501880384921477
