case,f1,acc,f1_std,acc_std
real,0.8789874746998129,0.8375617792421746,0.0027368176923482164,0.003531671650920061
synth,0.8714923197058855,0.8249313563975835,0.0027724936976608735,0.0038109503729593527
fine_tune,0.8802342698791372,0.8396485447556288,0.005015038980840505,0.006920146733453419
