case,f1,acc,f1_std,acc_std
real,0.7730615652503083,0.8622222222222222,0.004539801093901311,0.003735190071096993
synth,0.77030722132787,0.8586973180076628,0.010543843867555915,0.009748379398491505
fine_tune,0.7770604077598275,0.8637547892720306,0.011910919877643393,0.01038759430058576
