case,f1,acc,f1_std,acc_std
real,0.49258300689243306,0.512,0.16332370949760294,0.010598421137709358
synth,0.4618519846719111,0.5074285714285713,0.2150645120948927,0.014635712542703667
fine_tune,0.4698762036478558,0.5245714285714286,0.2047780804627,0.022101805263787116
