case,ci,ibs,ci_std,ibs_std
real,0.7739990105895369,0.17822533096370385,0.07235074229709791,0.06058008758698009
synth,0.8168714777935832,0.15307691886459482,0.06241569188700802,0.05774650548857896
fine_tune,0.8360232527264106,0.1466684091411682,0.05912903453048413,0.05610343715290386
