case,f1,acc,f1_std,acc_std
real,0.22095804894446544,0.6006,0.0076033631696429535,0.046019995654063256
synth,0.258594516172804,0.6396,0.013777716506900564,0.06191154981100055
fine_tune,0.24602211193846032,0.6362,0.0105693881575101,0.022211708624056838
