case,f1,acc,f1_std,acc_std
real,-1.0,0.4462,0.0,0.39331331022481303
synth,-1.0,0.3402,0.0,0.3043776601526466
fine_tune,-1.0,0.3488,0.0,0.3112827653436663
