case,f1,acc,f1_std,acc_std
real,0.4834290105516203,0.552439024390244,0.024941568474429316,0.030995768358875183
synth,0.4916324946346805,0.5743902439024391,0.03801976402608402,0.0667843003419174
fine_tune,0.47671356632999407,0.5835365853658536,0.03250187591993016,0.03183604263952831
