case,f1,acc,f1_std,acc_std
real,-1.0,0.39160000000000006,0.0,0.23445647783757223
synth,-1.0,0.3346,0.0,0.10749251136707152
fine_tune,-1.0,0.32700000000000007,0.0,0.04065956222095855
