case,f1,acc,f1_std,acc_std
real,0.6161313323144535,0.5323170731707317,0.022277764207373745,0.05963776237228681
synth,0.681860875721396,0.6420731707317073,0.004131897974379136,0.006277823256699396
fine_tune,0.6786282212095089,0.6396341463414634,0.00465832738773918,0.005245320284782094
