case,f1,acc,f1_std,acc_std
real,0.11801406759306912,0.7897142857142858,0.1019095402935504,0.08631409183313925
synth,0.2113084764697668,0.6217142857142857,0.03447201904846403,0.2465606685286729
fine_tune,0.21569394651103146,0.7245714285714285,0.06360186410761898,0.09392311228024851
