case,f1,acc,f1_std,acc_std
real,0.6278247379922781,0.471,0.0914156036197842,0.09296881197476926
synth,0.7952368809478112,0.6683999999999999,0.016472020599433923,0.02192350336967155
fine_tune,0.7999270162119044,0.6746000000000001,0.018118592445468325,0.024245411937106755
