case,f1,acc,f1_std,acc_std
real,-1.0,0.36190476190476195,0.0,0.01214052265141139
synth,-1.0,0.3666666666666666,0.0,0.030491067797299272
fine_tune,-1.0,0.3738095238095238,0.0,0.03883215816738117
