case,f1,acc,f1_std,acc_std
real,0.5549548181908394,0.6636000000000001,0.023102009993355033,0.00458693797647189
synth,0.6097524780075361,0.695,0.01021473421697584,0.005440588203494146
fine_tune,0.6078581229545614,0.6954,0.009122201925474117,0.00458693797647189
