case,f1,acc,f1_std,acc_std
real,0.7794386262888178,0.6786000000000001,0.010928841414724699,0.010071742649611304
synth,0.7118415413607165,0.6248,0.06199249689854385,0.048577360982251815
fine_tune,0.7666339857191641,0.6678,0.014093081457523528,0.014386104406683567
