case,f1,acc,f1_std,acc_std
real,0.629691795325417,0.6596168582375479,0.010299554324966922,0.004123716183011115
synth,0.6084114785142013,0.6502681992337165,0.004200113439110211,0.002452107279693511
fine_tune,0.6286873166424118,0.6620689655172414,0.007102609850806355,0.004846402544319368
