case,ci,ibs,ci_std,ibs_std
real,0.7132246596941857,0.17362749356470905,0.038986701906729294,0.029362555947997727
synth,0.7254524712040774,0.1746539890930222,0.03593017481323255,0.02969139883322263
fine_tune,0.7200644036833349,0.17385030523943684,0.03740315044483701,0.029576528912980342
