case,f1,acc,f1_std,acc_std
real,-1.0,0.4998,0.0,0.11396385391868775
synth,-1.0,0.5856,0.0,0.04582401117318301
fine_tune,-1.0,0.5862,0.0,0.04205900616990375
