case,f1,acc,f1_std,acc_std
real,0.8128585419288468,0.7056,0.07297571534965296,0.08957812232905979
synth,0.7454805218441598,0.6348,0.028541831152346552,0.029781873681821995
fine_tune,0.7563689997097779,0.6444,0.028468157416256898,0.029890466707631073
