case,f1,acc,f1_std,acc_std
real,0.4816512569684196,0.5005714285714286,0.06859079868402145,0.058787753826796275
synth,0.5430448262618806,0.5805714285714286,0.0683141217205487,0.03142337619398291
fine_tune,0.5249923257939572,0.5680000000000001,0.07778981887474425,0.03183631606213516
