case,f1,acc,f1_std,acc_std
real,0.7345317016925261,0.6960629921259842,0.002226143885655338,0.0038574641618632963
synth,0.7298491319163565,0.7007874015748032,0.00577330455568818,0.006429106936438767
fine_tune,0.7382987315233566,0.7060367454068242,0.00490364456093322,0.004695155858267262
