case,f1,acc,f1_std,acc_std
real,0.252435566954355,0.5302,0.22279385751574526,0.03453925303187663
synth,0.153731030873888,0.5404,0.20685456759463672,0.014867414032036655
fine_tune,0.18001696091000988,0.5366,0.1971537662722146,0.02735397594500663
