case,ci,ibs,ci_std,ibs_std
real,0.7452632849484833,0.11672338574764045,0.02321612444503085,0.012576729763314228
synth,0.76627623241198,0.10939304609965964,0.016470273164791414,0.0121932800753148
fine_tune,0.7664867639269611,0.11048470046276221,0.016374546448625578,0.012156620425774544
