case,f1,acc,f1_std,acc_std
real,0.6318966780422336,0.5784776902887139,0.033905408655456284,0.014716898445014384
synth,0.6263821260946373,0.5790026246719161,0.043303202451080734,0.01996131584444257
fine_tune,0.6463318908946896,0.5905511811023623,0.0395599095684635,0.022821065742030626
