case,f1,acc,f1_std,acc_std
real,-1.0,0.298,0.0,0.12871208179498925
synth,-1.0,0.2524,0.0,0.1600557402906875
fine_tune,-1.0,0.25579999999999997,0.0,0.15593767985961574
