case,ci,ibs,ci_std,ibs_std
real,0.5983569940700996,0.12409379997904815,0.03508444933152725,0.01747413326249517
synth,0.5908733444464703,0.13841617914872725,0.02612793900118667,0.018813392371691908
fine_tune,0.5926353267522726,0.14184132608883251,0.02795045943301272,0.01716004652923153
