case,f1,acc,f1_std,acc_std
real,0.10832997987927565,0.4142857142857143,0.06372009444609229,0.3627652677087242
synth,0.09220779220779221,0.5333333333333334,0.07687609655557788,0.3628433943152141
fine_tune,0.0780385109114249,0.5785714285714286,0.08881236528553618,0.3698991711607324
