case,ci,ibs,ci_std,ibs_std
real,0.5905346289510589,0.19106118674192576,0.037330375211839024,0.028339562770749466
synth,0.6136266618843587,0.18283831248366805,0.03551344684534426,0.027821085003700605
fine_tune,0.6040900664999321,0.18376936544505934,0.04043670168512569,0.02839513863486027
