case,f1,acc,f1_std,acc_std
real,-1.0,0.3702857142857142,0.0,0.11211655742565231
synth,-1.0,0.2822857142857143,0.0,0.08782914768841531
fine_tune,-1.0,0.3588571428571429,0.0,0.03882351486048693
