case,ci,ibs,ci_std,ibs_std
real,0.5784709840812778,0.22188778838911455,0.016266280853173873,0.013561665721979518
synth,0.5790111137921043,0.22035690952367243,0.01666894722373262,0.013448316211252536
fine_tune,0.5796212178346766,0.2292811191629753,0.01662032765891699,0.014481831030167983
