case,f1,acc,f1_std,acc_std
real,-1.0,0.1788,0.0,0.20585956378074838
synth,-1.0,0.3428,0.0,0.2792593060221986
fine_tune,-1.0,0.31379999999999997,0.0,0.2483065846891701
