case,f1,acc,f1_std,acc_std
real,0.2458534657326628,0.470620538165843,0.12328965515055304,0.1883642888928819
synth,0.24794167168568992,0.570675453047776,0.12448542110968287,0.12132406396914432
fine_tune,0.2358871243664448,0.5692476661175179,0.11898416192772827,0.12063618470474427
