case,f1,acc,f1_std,acc_std
real,0.8120403965609446,0.8357142857142857,0.008759711358935619,0.008908708063747483
synth,0.8302174317120761,0.8333333333333334,0.008220493569275697,0.01064794274999901
fine_tune,0.8403613369467029,0.8452380952380952,0.014592058093120632,0.015058465048420835
