case,ci,ibs,ci_std,ibs_std
real,0.7034721592438354,0.17672418604218396,0.03580206799995134,0.029564133480131757
synth,0.6982767653198547,0.1796972892913024,0.036244411110130735,0.02985347683643651
fine_tune,0.6957051174619321,0.18225456208408203,0.0384515119159546,0.02986431118539123
