case,f1,acc,f1_std,acc_std
real,-1.0,0.123,0.0,0.21220367574573257
synth,-1.0,0.24,0.0,0.3651810509870412
fine_tune,-1.0,0.3292,0.0,0.36082261569918256
