case,f1,acc,f1_std,acc_std
real,0.554338453144387,0.5753999999999999,0.04163375226198901,0.006858571279792904
synth,0.5978530523022776,0.6148,0.03945718122241321,0.007025667228100124
fine_tune,0.5937987678881747,0.6136,0.04294299386394833,0.0053888774341229965
