case,f1,acc,f1_std,acc_std
real,-1.0,0.44399999999999995,0.0,0.2634729587642724
synth,-1.0,0.1992,0.0,0.33500829840468127
fine_tune,-1.0,0.21539999999999998,0.0,0.3295467189944393
