case,f1,acc,f1_std,acc_std
real,0.41764066238013386,0.4388571428571429,0.2093850511701523,0.1007660454635754
synth,0.13855677154582763,0.6,0.18655157916298454,0.05149202434774312
fine_tune,0.15523189701412482,0.5942857142857143,0.19342711871912466,0.052496841498769604
