case,f1,acc,f1_std,acc_std
real,0.23081603041371562,0.635,0.013175666211081478,0.025557777681167845
synth,0.23428554204234375,0.6378,0.011362044874434664,0.030360500654633464
fine_tune,0.22878553433525442,0.6359999999999999,0.01036915546187394,0.029745587908125117
