case,f1,acc,f1_std,acc_std
real,0.013202869911176366,0.7872000000000001,0.00813100232753895,0.11225399770164089
synth,0.0,0.8666,0.0,0.02452427368955095
fine_tune,0.0,0.8648,0.0,0.024375397432657403
