case,f1,acc,f1_std,acc_std
real,0.7300842549496587,0.6261904761904762,0.025557925659297313,0.026726124191242446
synth,0.6497965829426502,0.5785714285714286,0.08837772144439343,0.07166627115853529
fine_tune,0.6996030099383617,0.5976190476190475,0.0211486351116454,0.024281045302822796
