case,f1,acc,f1_std,acc_std
real,0.48584106060505594,0.5611428571428572,0.009216773045594713,0.03548382787716577
synth,0.5693770427032432,0.5645714285714286,0.017012056088125588,0.025401269452448992
fine_tune,0.569196066327088,0.5680000000000001,0.02023325086183226,0.025194751640055513
