case,f1,acc,f1_std,acc_std
real,0.06873320848811953,0.5515650741350905,0.08060519415639926,0.01049204832164129
synth,0.2621347396697459,0.5321252059308073,0.16076124530021813,0.031620673776632816
fine_tune,0.30106555648475164,0.5322350356946732,0.14337040614410806,0.028930085459766604
