case,ci,ibs,ci_std,ibs_std
real,0.8148160455192035,0.17407667416415953,0.06881250521666966,0.06155177831973198
synth,0.8153790422000947,0.15648260743048142,0.06539778456830217,0.057542404905547254
fine_tune,0.8255245930140667,0.15865704632482108,0.0628823674764888,0.05814627166485863
