case,f1,acc,f1_std,acc_std
real,0.5620971581634461,0.539,0.01861810323343774,0.01622343983253861
synth,0.577777836644143,0.5282,0.054758881230177865,0.018214280112043974
fine_tune,0.5752177502668457,0.5337999999999999,0.05328411882647663,0.017543089807670727
