case,f1,acc,f1_std,acc_std
real,0.8080966863886481,0.7823821339950372,0.0093472028903832,0.0077122929369330484
synth,0.7769035435031155,0.7632754342431762,0.015366760458453968,0.011806826057935803
fine_tune,0.8083784764708041,0.7883374689826302,0.013202551991310095,0.010486623627352582
