case,ci,ibs,ci_std,ibs_std
real,0.6232593771873437,0.20847996088523926,0.040795450808019884,0.027180499419304886
synth,0.6540835811727734,0.19821957350130073,0.03597425879928576,0.027050470234555337
fine_tune,0.6719114291836298,0.19565309133448958,0.032104530977348285,0.02665514997529152
