case,f1,acc,f1_std,acc_std
real,-1.0,0.05620000000000001,0.0,0.08193753718534626
synth,-1.0,0.06380000000000001,0.0,0.06860728824257667
fine_tune,-1.0,0.07460000000000001,0.0,0.06972689581502967
