case,f1,acc,f1_std,acc_std
real,0.7627740919964735,0.6292,0.038354320182746274,0.04792661056240055
synth,0.8559544984452229,0.7554000000000001,0.008574927930110582,0.012208193969625494
fine_tune,0.8625412237806811,0.7644,0.00554809186160955,0.008039900496896719
