case,ci,ibs,ci_std,ibs_std
real,0.6210187758017285,0.2070527249590936,0.038674626870201394,0.027854122867955227
synth,0.6467128047996571,0.21362422614621257,0.043099014220141,0.02808024022220348
fine_tune,0.64064169987858,0.2167633382495784,0.05105038077274892,0.0286980444082404
